CODICE_STRUTTURA;INDIRIZZO_FORMATTATO;LAT;LON
44LHW15VY1G90U9H;Via Colugna, 48, 33100 Udine UD, Italy;46.079952;13.230775;
LRFP4ZX8TJEB2QCA;Via Pier Fortunato Calvi, 1, 32046 San Vito di Cadore BL, Italy;46.473804;12.203771;
X6JR7BWW6WHVL25Z;GEMONA ALTA piazza Giuseppe Garibaldi 9, 33013 Gemona UD, Italy;46.278343;13.139763;
95XH6ZNZYHQI6AJV;Località Puglie di Domio, 38, 34018 Domio TS, Italy;45.612648;13.826805;
31FF7IZ27LV85JC7;Via Francesco Tomadini, 33100 Udine UD, Italy;46.066265;13.242028;
8WMBF4YWMYK3BMDD;Via Sebastiano Ricci, 33033 Codroipo UD, Italy;45.96021;12.994184;
AAUN7SEZQE8JFQ8M;Via Costantino Dardi, 33052 Cervignano del Friuli UD, Italy;45.815685;13.3563595;
NHS5B0ISJLNEJTAD;Via Canal Ferro, 28, 33010 Stazione Carnia, Venzone UD, Italy;46.383705;13.137032;
DMZIHVYQL071AUZG;Via Roma, 89, 33090 Travesio PN, Italy;46.19373;12.869993;
ZFWWWYI8V7KXDZ8W;Viale Europa Unita, 10, 33074 Fontanafredda PN, Italy;45.976513;12.575302;
SZXOOWR6K4XG9H49;Trieste, UTI Giuliana, Italy;45.649525;13.776818;
HSD3OL1ZG72PQX3F;Via Tre Novembre 1918, 10, 33100 Udine UD, Italy;46.04427;13.22243;
1PHRB26PR8EZ82FN;Via Stati Uniti D'America, 4, 33029 Villa Santina UD, Italy;46.413666;12.928835;
51N2NN85UCFJ3FL3;Via Pasquale Besenghi, 25, 34144 Trieste TS, Italy;45.643208;13.77286;
75DE4QK302LC9UWE;Via Don Minzoni, 24, 33084 Cordenons PN, Italy;45.980465;12.691807;
K1CZE7YR8VI2NZZ2;Viale Rimembranze, 3, 33082 Azzano Decimo PN, Italy;45.88265;12.711458;
3DF1EJ2MVP1KO3U3;33080 San Quirino, Province of Pordenone, Italy;46.036736;12.680074;
3YX67VQXQRU4BG77;33057 Palmanova, Province of Udine, Italy;45.909424;13.305729;
ZRWTEF796N01TSJT;Via Marco Vietti, 10, 33080 Porcia PN, Italy;45.960415;12.609218;
GBHUB25N7J1CK2JD;34070 Fogliano Redipuglia, Province of Gorizia, Italy;45.86738;13.480491;
8MR2JXV0R3T16062;Via Montessori, 18, 33082 Azzano Decimo PN, Italy;45.881428;12.709751;
HUYSPQRT36UBUVV8;34016 Fernetti, UTI Giuliana, Italy;45.700756;13.825948;
GQQ9LW1UUYMAU3LN;33038 San Daniele del Friuli, Province of Udine, Italy;46.157856;13.010011;
UJJEL78D0KXBXQY8;Via del Collegio, 6, 34121 Trieste TS, Italy;45.648144;13.76934;
6UJH9TKOJ2KP034W;Via C. Cavour, 33030 Flaibano UD, Italy;46.059196;12.980901;
I9LE3CBCJQWAS6E4;Via Papa Luciani, 3, 33082 Azzano Decimo PN, Italy;45.87734;12.70552;
ICSFHK0FZJ33OPHZ;Piazza Vittorio Emanuele, 33080 Zoppola PN, Italy;45.966145;12.771233;
C6945LO58V93FV75;Via Giacomo Schiratti, 5, 33034 Fagagna UD, Italy;46.10734;13.086085;
IKYGZQVV1IT8PFG0;Via Poscolle, 43, 33100 Udine UD, Italy;46.061367;13.231033;
VNSGSXFINLTKVQ9U;Via Aquileia, 24, 33031 Villaorba UD, Italy;46.009605;13.0710745;
X0VY458MS6OG4Y3E;Via Redipuglia, 80, 34077 Ronchi dei Legionari GO, Italy;45.83207;13.499291;
IV628ZRWS3MCP8QS;Via Redipuglia, 80, 34077 Ronchi dei Legionari GO, Italy;45.83207;13.499291;
GT96U491J4V2PV72;Via Redipuglia, 34077 Ronchi dei Legionari GO, Italy;45.834553;13.4974165;
FW2WLK4XWXKM5Q0I;Via Betania, 33028 Tolmezzo UD, Italy;46.40155;13.029857;
H0XX796QEU36TC0O;Vicolo dei Pini, 2, 33033 Codroipo UD, Italy;45.969826;12.9744835;
NECXF1TB4FTDZ38W;Via Manzanesia, 33047 Cerneglons UD, Italy;46.053474;13.307146;
3C8HT8K1OA85MOCX;33047 Remanzacco, Province of Udine, Italy;46.085167;13.321005;
56VSWP7O61ULSS5Y;Via Primo Calcherutti, 4, 33084 Cordenons PN, Italy;45.99093;12.692896;
36D2H0G9GSTAK20W;Via S. Giovanni, 35, 33084 Cordenons PN, Italy;45.99564;12.707666;
YQWB0W33QCFAHJL3;Via Orsaria, 33100 Udine UD, Italy;46.047718;13.260002;
98NYL1AD9O8C3UVS;Viale Rotto, 1, 33170 Pordenone PN, Italy;45.97227;12.65139;
ZOKPST103Q6QBG1V;UTI Giuliana, Italy;45.689484;13.783307;
CHEOY57IWSRF83FC;Piazzale Unicef, 3, 34079 Staranzano GO, Italy;45.80409;13.504239;
J3EFQX609W4JJPOY;Riva Tommaso Gulli, 1, 34123 Trieste TS, Italy;45.64716;13.761188;
O4DHCCGKW35S30Q4;Via della Chiesa, 52, 33043 Cividale del Friuli UD, Italy;46.071114;13.437013;
8B1EYQFV83A830VL;34073 Grado, Province of Gorizia, Italy;45.681774;13.386399;
ZG5D6KRKLXP8IK2W;Via Sant'Antonio, 19, 33080 Porcia PN, Italy;45.968742;12.611013;
8307627ZOJEGRKLJ;Piazza del Tiglio, 7, 33010 Mels UD, Italy;46.1773;13.107843;
AQO85YACFAZJGCDS;Località Padriciano, 99, 34149 Trieste TS, Italy;45.656933;13.829255;
KM3Q1BZ8KE9KTY7Q;Via Virgilio, 33085 Maniago PN, Italy;46.166485;12.705468;
OCE76R9PU0AMPBSC;Via Guglielmo Marconi, 3a, 34077 Ronchi dei Legionari GO, Italy;45.83098;13.506317;
U2L6Z48DOX0E9YWM;Via Villa Varda, 4, 33070 Brugnera PN, Italy;45.898514;12.535153;
0HJOI7CLOJ7W4Z2V;Via Paolo Diacono, 22, 33058 San Giorgio di Nogaro UD, Italy;45.83069;13.206431;
GBQKLPUJGBH3ZV2F;Piazza del Duomo, 4, 33077 Sacile PN, Italy;45.95288;12.502361;
ABQYCXV1G2F3WATM;Via del Marcese, 29, 34149 Trieste TS, Italy;45.627125;13.8026085;
NMIGQ0IP0D08QF21;Via dell'Asilo, 11, 33037 Colloredo di Prato UD, Italy;46.051086;13.14527;
Y0ZAMLSVWCXTHES6;Via Giotto di Bondone, 44, 33079 Sesto al Reghena PN, Italy;45.849453;12.812849;
JBJ7CVE37750WBX2;Via Tagliamento, 24, 34074 Monfalcone GO, Italy;45.803303;13.522274;
ROQU8YQGRDDWIMW3;Via Giovanni Battista Comelli, 33030 Flambro UD, Italy;45.934265;13.091462;
2C1U53X3V3NOM000;Via Alessandro Manzoni, 33080 Prata di Pordenone PN, Italy;45.8885;12.584512;
3FKAL49TCZHLI3S3;Piazza Municipio, 11, 33050 Trivignano Udinese UD, Italy;45.946236;13.339655;
WMPL83QVI9EF99ZO;Località Dolina, 200, 34018 San Dorligo della Valle TS, Italy;45.604248;13.856351;
VAO3L94VLCW3Z5NL;Via Invalidi del Lavoro, 8, 33033 Codroipo UD, Italy;45.95699;12.981747;
NO3A62OCD2TQD57L;33100 Udine, Province of Udine, Italy;46.071068;13.234579;
LVI19NCRXQ048QMC;Via Ippolito Nievo, 2, 33081 Castello d'Aviano PN, Italy;46.072906;12.587618;
F2ETKODJITM4AM1Z;Via Dante Alighieri, 21, 33081 Castello d'Aviano PN, Italy;46.070114;12.58282;
9IFYYP52121SNKKY;Via del Ponzanino, 6a, 34137 Trieste TS, Italy;45.643948;13.781724;
U0O4OE0N0C3D85BO;Via Ciasaril, 13, 33070 San Giovanni PN, Italy;46.029167;12.518748;
DNS5UVVKI4ZMAH92;Via Leonardo Da Vinci, 33041 Aiello del Friuli UD, Italy;45.876537;13.342277;
1BYV2CLUUZZHIWDW;33050 Carlino, Province of Udine, Italy;45.802216;13.188164;
37S5LWCFOERH3EX6;Via G. Stuparich, 33100 Udine UD, Italy;46.0562;13.216082;
S0WPRWU79O2UXG3J;Via Armistizio, 11B, 34071 Cormons GO, Italy;45.960674;13.467183;
FC9TR0JBM0JAN4XV;Via del Crognolet, 21, 33043 Cividale del Friuli UD, Italy;46.0951;13.41734;
CZBHILXSSZVPQJIX;Via Forgaria, 10, 33078 Zona Industriale Ponte Rosso PN, Italy;45.944214;12.880384;
U8N94C7BYV045W9Z;33099 Vivaro, Province of Pordenone, Italy;46.078224;12.776906;
6AECIW1Y99SYOZ5C;Via de' Claricini, 15, 34076 Versa GO, Italy;45.898804;13.4211235;
0WMKGV1539HTI9RA;Via Armistizio, 11B, 34071 Cormons GO, Italy;45.960674;13.467183;
BLOKXRHWWEABBCCZ;Via Trieste, 3, 34072 Farra d'Isonzo GO, Italy;45.909267;13.518091;
X4V5D1FIA0X2HZCE;Via Oderzo, 22, 33100 Udine UD, Italy;46.028248;13.240207;
8PJA1LAKZQ41ETN0;Via Udine, 8, 33043 Cividale del Friuli UD, Italy;46.09194;13.422397;
GWMLR3QCHXQ70V25;Via Giuseppe Garibaldi, 8, 34072 Gradisca d'Isonzo GO, Italy;45.88989;13.497145;
751YES0TCK113S34;Via Venezia, 18, 33085 Maniago PN, Italy;46.151714;12.716578;
ALY3447NEJOBFWAP;Piazza E. Fermi, 10, 33080 Fiume Veneto PN, Italy;45.918556;12.758142;
WIINO4XKWXM275XX;Via Alessandro Stagni, 5, 34077 Ronchi dei Legionari GO, Italy;45.82449;13.506507;
N6V3A4OWB0Q3ULWL;Via S. Francesco D'Assisi, 15, 34133 Trieste TS, Italy;45.65306;13.779387;
T8O92BMDPFKUAI12;Via Cesare Battisti, 5, 34125 Trieste TS, Italy;45.65181;13.778807;
HUP9182VLM5LTO0Z;Via Daniele Manin, 33, 33053 Latisana UD, Italy;45.747665;13.018767;
VX6JYP4EXFRRXSYG;Riva Tommaso Gulli, 1, 34123 Trieste TS, Italy;45.64716;13.761188;
FCRI8LG14IY69I0T;Via Aurelio Mistruzzi, 19, 33100 Udine UD, Italy;46.05065;13.251279;
6D4FGRMYT88LXPYV;33100 Udine, Province of Udine, Italy;46.071068;13.234579;
SZDGTVIX9F3B3281;Via S. Valentino, 33100 Udine UD, Italy;46.067238;13.243227;
RZ8FOSVTSGHALE8Y;Via Eugenio Curiel, 2, 34148 Trieste TS, Italy;45.619328;13.825722;
Z280C6CO7TCVO4H8;Riva Tommaso Gulli, 1, 34123 Trieste TS, Italy;45.64716;13.761188;
WSDJ8WWT4PUYWJK8;Via Valmaura, 69, 34148 Trieste TS, Italy;45.620747;13.786324;
AKW3WCJO6H5D1FN4;Riva Tommaso Gulli, 1, 34123 Trieste TS, Italy;45.64716;13.761188;
ANVM0OVQ9596I75N;Via S. Francesco D'Assisi, 34, 34133 Trieste TS, Italy;45.654053;13.780781;
002ATCFD7NRNE97U;Via Terra Rossa, 34070 Fogliano Redipuglia GO, Italy;45.847824;13.482193;
QKR8KXL0ZB628UT0;Via Pietro Valdoni, 1, 34149 Trieste TS, Italy;45.63463;13.829505;
AJ9ZL8J7FWRWZVTH;Via Largo Giambattista Niccolini, 5, 34129 Trieste TS, Italy;45.64714;13.783964;
F4L902YE5DIPPFP2;Riva Tommaso Gulli, 1, 34123 Trieste TS, Italy;45.64716;13.761188;
VZNQN3UT4B8G6C4G;Via Tigor, 24, 34124 Trieste TS, Italy;45.64444;13.76565;
96G6U9F4PA2FQJNF;Via Paolo Veronese, 14, 34144 Trieste TS, Italy;45.64272;13.774845;
HSGBEPZ6ZEDIRAVD;Strada Campagne, 33077 Sacile PN, Italy;45.933388;12.495469;
8ZEP50X7V9M5YGHM;Via Tigor, 24, 34124 Trieste TS, Italy;45.64444;13.76565;
2QA3ORWQNJ2RVLV2;Via Gerolamo Frescobaldi, 35, 34148 Trieste TS, Italy;45.625683;13.804867;
EO7GTZ85WR139080;Via S. Nazario, 73, 34151 Trieste TS, Italy;45.70236;13.738251;
YVCEIAUSITQNC9M2;Via di Caboro, 2, 34121 Trieste TS, Italy;45.64868;13.77394;
N8BVYA2ZRBZTRAJQ;Via Paolo Veronese, 14, 34144 Trieste TS, Italy;45.64272;13.774845;
D2BV3I1QXTSZ8YPQ;Via Commerciale, 164, 34134 Trieste TS, Italy;45.665333;13.786476;
MGAZSF321QG9X2MH;Vicolo dell'Edera, 1, 34127 Trieste TS, Italy;45.656807;13.790467;
7YYJNF6S6SW0DZX8;Via Cancelleria Vecchia, 5, 34071 Cormons GO, Italy;45.960613;13.471878;
PC6VP1AIQJ44X3ZD;Via Ilaria Alpi, 3/1, 33082 Azzano Decimo PN, Italy;45.891895;12.6975;
2Q39MAEO1MUHHN2F;Via Eugenio Curiel, 2, 34148 Trieste TS, Italy;45.619328;13.825722;
1S4N5QJXJYCTXPTF;Autostrade SpA Italy, Strada St., 13, 33010 Tavagnacco UD, Italy;46.110382;13.205976;
QHE2WINU9LVD12PQ;Via Valmaura, 69, 34148 Trieste TS, Italy;45.620747;13.786324;
V3L1ORVYQVCUCZK6;Via Cesare Battisti, 33010 Colugna UD, Italy;46.09453;13.201273;
UKYNK6EJW4OVGMBF;Via Federico Raffin, 1, 33084 Musil PN, Italy;45.968422;12.691291;
DZPUOCM4M1VH2UFG;33072 Casarsa della Delizia, Province of Pordenone, Italy;45.95734;12.842406;
HEVEJEA1Z6T2UKT3;Via Armando Diaz, 1, 33019 Tricesimo UD, Italy;46.161064;13.212772;
Z0HFKRE3NX8F3DCA;Via Ovidio, 4, 34134 Trieste TS, Italy;45.66343;13.777539;
2W8IKH7YO761N8OG;Via Monte S. Marco, 33100 Udine UD, Italy;46.075935;13.243041;
EQG7PHTCYWBS0QXJ;33043 Cividale del Friuli, Province of Udine, Italy;46.080143;13.433127;
YKGIF2AMKD8CTQML;Via Maestri del Lavoro, 12, 34123 Trieste TS, Italy;45.641052;13.760407;
S03Q0W7VTWSGJTHN;Via Alpe Adria, 33010 Tavagnacco UD, Italy;46.110588;13.215504;
JOSFARU89KOL08SX;Via Callisto Cosulich, 43, 34074 Monfalcone GO, Italy;45.80349;13.528122;
POVTN809JDPYBQMY;Via Tagliamento, 24, 34074 Monfalcone GO, Italy;45.803303;13.522274;
8RHIN2RI0R8TWXUI;Via Callisto Cosulich, 43, 34074 Monfalcone GO, Italy;45.80349;13.528122;
4CVED8QVLPTE73MW;Via Tagliamento, 24, 34074 Monfalcone GO, Italy;45.803303;13.522274;
PZAKQZ2BWUGB4R7D;Vicolo dei Nigris, 5, 33034 Fagagna UD, Italy;46.1125;13.085653;
YC4Q0DWRBTQ9W0IC;Riva Tommaso Gulli, 1, 34123 Trieste TS, Italy;45.64716;13.761188;
2ZJFN285K1OMQRJS;Riva Tommaso Gulli, 1, 34123 Trieste TS, Italy;45.64716;13.761188;
Q8L80WSCSRFI79SD;UTI Giuliana, Italy;45.689484;13.783307;
YLPIA1UUVG52CZ0H;Via Lauzacco, 33100 Udine UD, Italy;46.04345;13.257048;
EJOGA0YUXL6POG05;Via Pasquale Besenghi, 27, 34144 Trieste TS, Italy;45.643135;13.772578;
OOSD1GD8LIUXYS2A;Via Fontana, 33022 Arta Terme UD, Italy;46.472885;13.025712;
1Z4HGGI27XUAV2Z6;Via San Simone, 2, 33080 Prata di Pordenone PN, Italy;45.902355;12.600789;
003MKX1Z3MYIQ0DQ;Via Monte Ortigara, 33100 Udine UD, Italy;46.077362;13.237324;
IMMY92HG3PY4JA79;Via Correr, 67, 33080 Porcia PN, Italy;45.959614;12.626364;
DHDQN700XXXA1F8U;Via Vittorio Veneto, 46, 33018 Tarvisio UD, Italy;46.50463;13.574443;
O6541T1AZ8P52IF3;34078 Sagrado, Province of Gorizia, Italy;45.877735;13.485525;
KZ8TJMJXCYEOU6XV;Vicolo di Sopra, 11, 33055 Muzzana del Turgnano UD, Italy;45.81679;13.128262;
4D2ZQNVYYOWPHGI9;Via Trieste, 39, 33050 Torsa UD, Italy;45.875584;13.119516;
075L178P0LYB8L8W;Via Ugo Foscolo, 3, 33050 Marano Lagunare UD, Italy;45.765003;13.167882;
1AI30O9CN7LB3X4K;Via Daniele Manin, 33, 33053 Latisana UD, Italy;45.747665;13.018767;
0C38KBRJKTQ6ETT4;Via delle Aiuole, 4, 34142 Trieste TS, Italy;45.645676;13.789724;
RPNGJZBETSBB5SH4;33070 Tamai, Province of Pordenone, Italy;45.92415;12.577822;
FANFH6XE2NO6NCU8;33075 Cordovado, Province of Pordenone, Italy;45.845257;12.880459;
XOCJMHXAWPV7KP97;Via Bonomea, 265, 34151 Trieste TS, Italy;45.680397;13.773401;
4XF6H8Z5J0TOUITA;Via Mantova, 33100 Udine UD, Italy;46.07684;13.213212;
VNWW9CTZH5U6GZZ0;Via Florio, 2, 33010 Feletto Umberto UD, Italy;46.110466;13.239894;
UHFYBDB2GKTHIDX0;;null;null;
S9W03ZRZZWMM5N16;Corso Giuseppe Verdi, 16, 34170 Gorizia GO, Italy;45.946594;13.62329;
UW5Z0B22V13N915D;Via delle Monache, 3, 34121 Trieste TS, Italy;45.64774;13.770288;
V8R6KGPQSLHEN10U;Via Gois, 5, 33013 Gemona UD, Italy;46.28601;13.132082;
TNVF2QCUR02IC6WW;Calle del Carbon, 2, 33080 Porcia PN, Italy;45.959133;12.614875;
AG0KCX2ODHGU5ZPM;Via V. Favetti, 33080 Zoppola PN, Italy;45.972305;12.804545;
UW8EHW3Q1A842G8C;Via del Pasubio, 8, 34170 Gorizia GO, Italy;45.92918;13.607504;
ZWKE8DPEFBT61P2B;Via Basiliano, 39/2, 33100 Udine UD, Italy;46.043022;13.214705;
ABHDFTQLET6SJQKF;33040 Povoletto, Province of Udine, Italy;46.118187;13.298146;
U4CJU874GJLMHIWI;Via Santa Margherita, 33070 Brugnera PN, Italy;45.923244;12.565611;
Z8Q1R1KP9MMO9A39;Località Mattonaia, 464, 34018 Domio TS, Italy;45.603813;13.838296;
XGK0W5U3UO2TOTOE;Via S. Giuliano, 3, 33054 Lignano Sabbiadoro UD, Italy;45.67388;13.102874;
C800A3AVL6GVTB5F;Via S. Giuliano, 3, 33054 Lignano Sabbiadoro UD, Italy;45.67388;13.102874;
LKWBTGWU09UP9BU8;Friuli-Venezia Giulia, Italy;46.225918;13.103365;
7PIS7VHCQO3KSETU;34070 Turriaco, Province of Gorizia, Italy;45.82117;13.444758;
M27LK6Z16NK1QIWM;Via Ippolito Nievo, 33013 Gemona UD, Italy;46.296043;13.11706;
ILP1WD7W9D9CW7TG;Via Dario Chiaradia, 11, 33077 Sacile PN, Italy;45.95372;12.488466;
OQ43OFZLB95XA2S8;Via Sabotino, 2, 33100 Udine UD, Italy;46.05798;13.2218;
6BK4A17I1JYVK6EJ;Via Forte, 32, 33050 Pertegada UD, Italy;45.71894;13.042382;
CF4B96X5KX5XKHEP;Via Plaino, Martignacco UD, Italy;46.105694;13.166917;
3NN5WQO846L06NQG;Via Filippo Corridoni, 5, 33050 Castions delle Mura UD, Italy;45.842712;13.300977;
ICH3KW8AJGEPCY58;Fauglis, 33050 Gonars UD, Italy;45.89006;13.256539;
RNTKFXMLJFZNHKWG;Via Asilo di Rorai, 11, 33170 Pordenone PN, Italy;45.965054;12.63555;
ZV8ZYQCM44NJ9818;salita Colle Baldo, 13, 33030 Buia UD, Italy;46.20648;13.127505;
ONJAUW21FYMS4U7Q;Via Dario Chiaradia, 11, 33077 Sacile PN, Italy;45.95372;12.488466;
QRVWCWXF4I96ZULP;Via de Zan, Aviano PN, Italy;46.067467;12.60185;
25OO7XDWPDW2M2KU;Via Latisana, 2/A, 33030 Varmo UD, Italy;45.887028;12.989627;
LBVGYVLF8IDFHRB7;Viale Treviso, 4, 33170 Pordenone PN, Italy;45.941204;12.651595;
8IABAVOS6PBKWT94;Port of Trieste, 34123 Trieste, UTI Giuliana, Italy;45.646507;13.761921;
RVC580DCQK86M9PC;Viale XXV Aprile, 1, 34015 Muggia TS, Italy;45.601807;13.768451;
NIG1F6ANW5C41O5V;34015 Muggia, UTI Giuliana, Italy;45.603153;13.766797;
7OLRZTM7P8FEUZ6S;Via della Roggia, 48, 33100 Udine UD, Italy;46.05446;13.224187;
PTP0MLL3UVQSEJCK;Via Monte Cavallo, 3, 33170 Pordenone PN, Italy;45.946262;12.657231;
O49GDQI6S6QOAK7D;Via Villa, 15, 33011 Artegna UD, Italy;46.242485;13.154142;
BVHBUC6JMKJJ37P7;Piazza IV Novembre, 33083 Taiedo PN, Italy;45.8898;12.777114;
2U11PY5QCI5CZGA1;33100 Udine, Province of Udine, Italy;46.071068;13.234579;
1I9BMRSGMLVENA1N;Via Carlo Collodi, 8, 34079 Staranzano GO, Italy;45.794308;13.511445;
503P0U1683DXWCNL;Via Rialto, 1, 33100 Udine UD, Italy;46.063267;13.235325;
KGZ1UBVVCZJMN856;33010 Pagnacco, Province of Udine, Italy;46.1244;13.186539;
W73W6MI4ZCQFZUX7;Viale Armando Dìaz, 20, 33100 Udine UD, Italy;46.069874;13.239148;
7KUXP1HDATEZFG68;Via Edgardo Morpurgo, 7/2, 34147 Trieste TS, Italy;45.614223;13.825276;
4JVM3BXH4ZQW9DI3;Via Edgardo Morpurgo, 7/2, 34147 Trieste TS, Italy;45.614223;13.825276;
ZGMDTWJSBB1P1ERH;Via Alba, 27, 33100 Udine UD, Italy;46.087215;13.241935;
X4C3JIDVVPQWRMTT;Via Alba, 27, 33100 Udine UD, Italy;46.087215;13.241935;
150KSEZ1LZB32KHO;Via Antonio Zanon, 13, 33100 Udine UD, Italy;46.062843;13.232445;
5DQGNPT8AD2377HD;Via degli Scogli, 49, 34170 Gorizia GO, Italy;45.96376;13.625511;
ZHBSGYI97SAZE0X3;;null;null;
HM71PX5GSVAYVRAA;Via Nazionale, 2, 34070 San Lorenzo Isontino GO, Italy;45.93318;13.530383;
OCS66PC75R9CE12X;Via Padre Luigi Scrosoppi, 33100 Udine UD, Italy;46.063942;13.242402;
FBS20W2SJQRQ6TZD;Via Santa Caterina, 5, 33080 Fiume Veneto PN, Italy;45.935925;12.740392;
N6GF6Y40B32IL101;Borgo S. Mauro, 124, 34011 Sistiana TS, Italy;45.765743;13.641303;
B97U3W3WYR7VCIFW;;null;null;
XJ3I9940RP6N4VWB;Via XXIV Maggio, 33010 Reana del Rojale UD, Italy;46.14796;13.23426;
8ONY23LXDY9FXGH4;Via Generale Antonio Cantore, 9, 33170 Pordenone PN, Italy;45.968575;12.6768465;
UHDC57UYU46C6040;Via Albona, 18, 33100 Udine UD, Italy;46.068645;13.248098;
1Z8OIEIUVT4O24AT;33070 Caneva, Province of Pordenone, Italy;45.968124;12.448013;
PEAF6QLH3PSVOPKX;Piazza Maggiore, 40124 Bologna BO, Italy;44.493755;11.343095;
D3VSHE1U9WJ1VNKD;33044 Manzano, Friuli, Province of Udine, Italy;45.988842;13.376344;
JTYBBX0EWHXRXY97;Via Odorico Odorico, 54, 33090 Sequals PN, Italy;46.158722;12.823922;
D5URE0RJNA560MYI;Via Giosuè Carducci, 17, 33080 Roveredo in Piano PN, Italy;46.009007;12.617354;
9SRZQZBMFYJK3WRS;Via Cesare Battisti, 25, 34125 Trieste TS, Italy;45.65274;13.780794;
0V9VC1N4ZE7QDYU0;Via Lavariano, 33100 Udine UD, Italy;46.04168;13.253656;
VK7RNPQR1T20QVL4;Via Divisione Julia, 27, 33040 Povoletto UD, Italy;46.120697;13.302224;
NMYMPHIQ6TFDRHXN;Via Nazionale, 41, 33042 Buttrio UD, Italy;46.005135;13.338778;
KH180UUCEW4CUU7C;Via Antonio Pacinotti, 7, 34077 Ronchi dei Legionari GO, Italy;45.829384;13.511082;
D1D9ZQ4FYPQCQWIU;Via dell'Istria, 61, 34144 Trieste TS, Italy;45.636585;13.78532;
E7FZKRRVCLX7SNKX;Via del Molino, 93, 33030 Campoformido UD, Italy;46.02531;13.209089;
A5TVFWPVXPW23F4C;Piazza del Popolo, 38, 33078 San Vito al Tagliamento PN, Italy;45.915306;12.855224;
45UPNRL8H0RU7Y5U;Viale Venezia, 79, 33072 Casarsa della Delizia PN, Italy;45.95715;12.834951;
91QCB3QXBXDOZZPW;Via delle Scuole, 33100 Udine UD, Italy;46.083668;13.200833;
6BZ842ED0OAP1D5D;Via Volturno, 33100 Udine UD, Italy;46.05658;13.226105;
KFWS74V8D2UYFC83;33050 Pavia di Udine, Province of Udine, Italy;45.996284;13.302527;
BUEZ4ULBMADNQ25X;Viale Armando Dìaz, 14, 33100 Udine UD, Italy;46.06978;13.238364;
HG3G4LJD6LR6N7ER;Via Caprera, 28, 33100 Udine UD, Italy;46.063145;13.222676;
5UUXB192O0G46UAK;Via Domenico Casco, 1, 33035 Martignacco UD, Italy;46.093735;13.13348;
H2HHQ491PNNQ5DFL;Località Sistiana, 18, 34011 Sistiana TS, Italy;45.773243;13.628192;
A6E2S5ZWM73B863Y;Via Virgilio, 33085 Maniago PN, Italy;46.166485;12.705468;
BK9PJ2HO9XKKW1ER;Via Monte Nero, 33097 Gradisca PN, Italy;46.07454;12.899201;
VJ73NW0DWJ9QJ2GA;Via XXIV Maggio, 1, 33040 Tapogliano UD, Italy;45.87672;13.40003;
V75AXZGIPNKUEBCH;Via Prasecco, 33170 Pordenone PN, Italy;45.95356;12.685637;
422MKQ5NTZ1IKD72;33043 Cividale del Friuli, Province of Udine, Italy;46.080143;13.433127;
AB12V6WAMZZIDDX5;Via Principale, Provincia di Udine, Italy;46.119076;13.049326;
K2YUYQO4DOAMN92K;Via Vittorio Veneto, 7, 34170 Gorizia GO, Italy;45.93915;13.622368;
H6JA90IHL24VVHPX;Via Barco, 33076 Frattina PN, Italy;45.81321;12.681345;
WLY2ZSBYZA4RF35U;Via Enrico Rocca, 5, 34170 Gorizia GO, Italy;45.957684;13.631007;
3HVIRNTDGG6P6JJ0;Via Casali, 1/A, 33079 Ramuscello PN, Italy;45.877148;12.888978;
53OC4NM6QRHAA7KM;Via Virgilio, 34170 Gorizia GO, Italy;45.94584;13.612206;
I28TG1VP16UH80L0;Via Cotonificio, 3, 33170 Pordenone PN, Italy;45.96065;12.63909;
9268VV1NQV6GSL8S;Via S. Francesco D'Assisi, 22, 34133 Trieste TS, Italy;45.653404;13.779464;
7QV5VYJD87R67G3M;Via Duino, 8, 33100 Udine UD, Italy;46.069016;13.24568;
LOAIKBWX70ODNGL5;Via Felice Venezian, 18, 34124 Trieste TS, Italy;45.647526;13.767007;
F7RVIPGKP7DLJ346;Via Sopramonte, 89, 33030 Buia UD, Italy;46.225445;13.110473;
E1GIGU1K0M3VNSH2;Frazione Prato, 1, 33020 Prato Carnico UD, Italy;46.520103;12.809026;
RAQPEQ81PQQWTNDE;Via Trieste, 173, 34170 Gorizia GO, Italy;45.928886;13.613544;
604SWU4TT3687EGY;Via del Pasubio, 8, 34170 Gorizia GO, Italy;45.92918;13.607504;
S50F02YJO7MOCG7N;Via Zorutti, 96H, 34070 Capriva del Friuli GO, Italy;45.94523;13.520951;
UMZTHSFRG5BYGLJO;Via S. Leonardo, 11, 33011 Artegna UD, Italy;46.240803;13.145053;
1ODX1OSYHDEQC4P0;Via XXIV Maggio, 7, 33057 Jalmicco UD, Italy;45.911602;13.34623;
QNN5XL2HCZZMXSWT;33070 Caneva, Province of Pordenone, Italy;45.968124;12.448013;
CBMC5N8ZXU2HDFGK;Via Auronzo, 33170 Pordenone PN, Italy;45.96794;12.637886;
FAVEZKXYTZH4QP3A;Via Tiro a Segno, 16, 33170 Pordenone PN, Italy;45.976814;12.644746;
3TOCZH3GQ680V8MF;Via Rinascita, 6, 33092 Cavasso Nuovo PN, Italy;46.19563;12.772367;
H1O8IWOTCHUIE41S;33170 Pordenone, Province of Pordenone, Italy;45.956367;12.661452;
H7XNCEHKVKD3SVXJ;Via Pietro Valdoni, 5, 34149 Trieste TS, Italy;45.634613;13.829387;
U4VN2IK8HPHFNSTV;Via Illegio, 46, 33028 Tolmezzo UD, Italy;46.398502;13.034382;
P83F59XP7BLJS89G;Via S. Maurizio, 1, 33020 Nonta UD, Italy;46.398453;12.838245;
0AZV7PYMC14HVY2M;Viale Cristoforo Colombo, 60, 34170 Gorizia GO, Italy;45.949696;13.607653;
EXZNRZMIMB3KUMN9;Via Colloredo, 44, 33037 Pasian di Prato UD, Italy;46.050766;13.17835;
67MN8YQ163F3SK88;Via Runcis, 59, 33072 Casarsa della Delizia PN, Italy;45.940266;12.833514;
4KJUYTM0AN904EM1;Via Pordenone, 73, 33080 Pordenone PN, Italy;45.99887;12.644684;
4CTRR02Q9NZLAIF1;Via Generale Antonio Cantore, 33170 Pordenone PN, Italy;45.96859;12.678595;
RAM59JP63A4ZJGS2;Via G. Stuparich, 7a, 33100 Udine UD, Italy;46.056087;13.216248;
90LLXUP3Y3P3G7C2;Via Generale Antonio Cantore, 33170 Pordenone PN, Italy;45.96859;12.678595;
5QBA0ITQ4Z5EN30Y;Via delle Scuole, 7, 33100 Udine UD, Italy;46.083878;13.201816;
FO1QRSW8XBAFBRXJ;Udine, Viale Europa Unita, 33100 Udine UD, Italy;46.05601;13.241919;
GV62NIWG1IN4R9M1;Via Sabotino, 2, 33100 Udine UD, Italy;46.05798;13.2218;
PHW49H6LA24JOG9S;33100 Udine, Province of Udine, Italy;46.071068;13.234579;
PYMATEYRY4OW3L05;Via Paolo Sarpi, 5, 33100 Udine UD, Italy;46.06375;13.233185;
YA70A0N8LFNIB1IP;Via Pelliccerie, 4, 33100 Udine UD, Italy;46.063652;13.233606;
Q583TGAHUHUIV5ZD;Str. di S. Gottardo, 33043 Cividale del Friuli UD, Italy;46.098564;13.447582;
HV89TAVHDBT6YGQQ;Via S. Valentino, 23, 33100 Udine UD, Italy;46.06668;13.243524;
TOM4H64LBW107SUT;Via Cesare Cantù, 10, 34134 Trieste TS, Italy;45.66043;13.78654;
N9OR946LF9Z3A6TA;Via Giuseppe Garibaldi, 3, 33050 Terzo D'aquileia UD, Italy;45.798355;13.349153;
U3BRBFX78X1P1U4W;Via Giuseppe Garibaldi, 3, 33050 Terzo D'aquileia UD, Italy;45.798355;13.349153;
AZYCDZW36MVSKLQQ;Via Alessandro Pertini, 34070 Capriva del Friuli GO, Italy;45.93689;13.51793;
GWO3C6LLGOMIB6LE;Via Lucio Pisa, 9, 34148 Trieste TS, Italy;45.619625;13.826105;
327PEFDLIMU59QSI;;null;null;
3H7N2WMLI3MEV1QN;Via Edgardo Morpurgo, 7/2, 34147 Trieste TS, Italy;45.614223;13.825276;
WWZ4A0IY9LTXDZ8A;Via Edgardo Morpurgo, 7/2, 34147 Trieste TS, Italy;45.614223;13.825276;
O0WK0S85FP9TZ8S0;Via Cesare Cantù, 10, 34134 Trieste TS, Italy;45.66043;13.78654;
AU3I1S2C9C721Z65;Riva Tommaso Gulli, 1, 34123 Trieste TS, Italy;45.64716;13.761188;
SHMV6INZCTI0KT8V;33050 Percoto, Province of Udine, Italy;45.97506;13.320579;
GL2X45EPEWNMLHL2;Riva Tommaso Gulli, 1, 34123 Trieste TS, Italy;45.64716;13.761188;
K150DE1IP4S3M67O;Via Ovidio, 4, 34134 Trieste TS, Italy;45.66343;13.777539;
PTW83IV5RBYBVYZS;Via delle Monache, 3, 34121 Trieste TS, Italy;45.64774;13.770288;
M0DX37B62Q37021L;Via Pietro Valdoni, 5, 34149 Trieste TS, Italy;45.634613;13.829387;
CNZKNMSMYYNH5GO0;Via Pasquale Besenghi, 27, 34144 Trieste TS, Italy;45.643135;13.772578;
Q2YFDTFJTV2NJIZO;Via Bonomea, 265, 34151 Trieste TS, Italy;45.680397;13.773401;
KIDOEM6G4RLPOYIQ;Via S. Francesco D'Assisi, 15, 34133 Trieste TS, Italy;45.65306;13.779387;
559HOJJ1TVUHJPOR;Via delle Aiuole, 4, 34142 Trieste TS, Italy;45.645676;13.789724;
SVEHU1LF47OMKEE5;Via del Ponzanino, 6a, 34137 Trieste TS, Italy;45.643948;13.781724;
ADGD64MFQAZFF12C;Via dell'Istria, 61, 34144 Trieste TS, Italy;45.636585;13.78532;
TMT9ICKOZ1YAVSM9;UTI Giuliana, Italy;45.689484;13.783307;
6K3RSRIG22LS141F;Via del Collegio, 6, 34121 Trieste TS, Italy;45.648144;13.76934;
W4C6X8Y8SJBFTSEN;Frazione Villanova, 37, 33170 Pordenone PN, Italy;45.93623;12.682694;
BYO7O0MUVMQTQAQJ;Via Pisino, 33100 Udine UD, Italy;46.06839;13.251201;
XF7RFK0WYGH9109U;Via Nogaredo, Pasian di Prato UD, Italy;46.072746;13.184934;
2CTVEA3LFJ0B83I1;Via Roma, 46, 33037 Pasian di Prato UD, Italy;46.04927;13.190685;
DB0Q4MDJ2ST47KIQ;33030 Talmassons, Province of Udine, Italy;45.930542;13.119952;
3NEQ23SUP8WOGCUG;Via Maestra, 234, 33084 Tiepolo PN, Italy;45.98169;12.6793165;
C1T982ODA3A5SVTJ;Via Monte Cavallo, 3, 33170 Pordenone PN, Italy;45.946262;12.657231;
YHUATB09379P9QXO;Via Cesare Beccaria, 6, 34133 Trieste TS, Italy;45.654037;13.777373;
HW7NRTDJ9WW1X9EV;Via Vittorio Veneto, 18, 33050 Sevegliano UD, Italy;45.887012;13.29828;
SB5IEK110Q82TWC7;Via del Ghirlandaio, 22, 34138 Trieste TS, Italy;45.640728;13.7895565;
3BR8YJP0LVPW2FPY;Piazza Carlo Goldoni, 5, 34122 Trieste TS, Italy;45.64977;13.777664;
MB5XR3YW9VZO1S4V;Piazza Carlo Goldoni, 5, 34122 Trieste TS, Italy;45.64977;13.777664;
D3FH1SHQJ9DEVXPF;Via Basiliano, 41, 33100 Udine UD, Italy;46.04305;13.214192;
Z44LOKKFYI89Z007;33028 Tolmezzo, Province of Udine, Italy;46.403496;13.018212;
EPLGJ9TVU6ZCY5H4;Via Roma, 54B, 33080 Prata di Pordenone PN, Italy;45.894207;12.598703;
BTQA56DB0S8FA1KJ;Riva Tommaso Gulli, 1, 34123 Trieste TS, Italy;45.64716;13.761188;
R7RGLLPRMF90LR1I;Riva Tommaso Gulli, 1, 34123 Trieste TS, Italy;45.64716;13.761188;
9S9MKXEOD9LSCMN5;Via Martiri della Libertà, 9, 33017 Tarcento UD, Italy;46.22043;13.223713;
AD9G3XZEIFFA7ZPI;Via Fulvio Testi, 5, 34124 Trieste TS, Italy;45.64535;13.77134;
SMEEUI09XE2YUYWZ;Bibione, Metropolitan City of Venice, Italy;45.63613;13.061487;
0P9TQKDBVO02URXW;Via Spinotti, 2, 33028 Tolmezzo UD, Italy;46.40269;13.015966;
ORX7AU5N30D6WA1V;Via Ex Ferrovia, 15, 33025 Ovaro UD, Italy;46.484188;12.866006;
R16ZKUNS6U3QJU3F;;null;null;
HV42C22QCP40RHAX;Via Europa Unita, 33074 Fontanafredda PN, Italy;45.98435;12.569101;
D3ZZOS0S4WNWYDY4;Via Gorizia, 4, 34075 San Canzian d'Isonzo GO, Italy;45.79958;13.463691;
5NITXXR2SHPOMM91;Via Giuseppe Mazzini, 54, 33097 Spilimbergo PN, Italy;46.10886;12.899714;
